Date,Close,Close_t-1,Close_t-2,MA_5,RSI,Volume_t-1,Daily_Return_t-1
2020-01-21,151.06,154.46,158.24,156.01,50.04,600734,-0.0242
2020-01-22,149.99,151.06,154.46,154.29,48.16,657702,-0.0223
2020-01-23,148.01,149.99,151.06,152.35,41.08,3351274,-0.0071
2020-01-24,148.69,148.01,149.99,150.44,34.25,1725811,-0.0133
2020-01-27,146.92,148.69,148.01,148.93,32.17,1647087,0.0046
2020-01-28,144.15,146.92,148.69,147.55,29.08,3581091,-0.0119
2020-01-29,147.13,144.15,146.92,146.98,28.42,4329049,-0.0191
2020-01-30,146.73,147.13,144.15,146.72,23.02,3203381,0.0205
2020-01-31,146.91,146.73,147.13,146.37,24.57,2368670,-0.0027
2020-02-03,144.11,146.91,146.73,145.81,18.17,4793122,0.0013
2020-02-04,143.07,144.11,146.91,145.59,18.04,4846664,-0.0192
2020-02-05,143.35,143.07,144.11,144.84,19.66,1432817,-0.0072
2020-02-06,141.09,143.35,143.07,143.71,16.22,4835702,0.0019
2020-02-07,141.9,141.09,143.35,142.7,21.96,3778360,-0.0158
2020-02-10,140.74,141.9,141.09,142.03,24.4,3462732,0.0057
2020-02-11,140.21,140.74,141.9,141.46,25.08,2680338,-0.0081
2020-02-12,139.06,140.21,140.74,140.6,26.18,2492825,-0.0038
2020-02-13,142.81,139.06,140.21,140.94,36.56,4332978,-0.0083
2020-02-14,142.84,142.81,139.06,141.13,39.84,4615811,0.0266
2020-02-17,140.77,142.84,142.81,141.14,41.3,1094604,0.0002
2020-02-18,142.47,140.77,142.84,141.59,37.13,2549927,-0.0146
2020-02-19,140.07,142.47,140.77,141.79,33.46,3674108,0.012
2020-02-20,140.54,140.07,142.47,141.34,34.38,3231638,-0.0169
2020-02-21,136.67,140.54,140.07,140.1,32.67,764500,0.0033
2020-02-24,134.07,136.67,140.54,138.76,30.45,2667478,-0.0279
2020-02-25,134.51,134.07,136.67,137.17,30.96,3476031,-0.0193
2020-02-26,136.04,134.51,134.07,136.36,38.75,1139282,0.0033
2020-02-27,136.43,136.04,134.51,135.54,37.62,3403633,0.0113
2020-02-28,136.25,136.43,136.04,135.46,39.35,2440369,0.0029
2020-03-02,135.7,136.25,136.43,135.78,39.31,4448242,-0.0013
2020-03-03,132.79,135.7,136.25,135.44,36.3,1717060,-0.0041
2020-03-04,131.4,132.79,135.7,134.51,22.18,1531519,-0.0217
2020-03-05,130.53,131.4,132.79,133.33,21.19,1289352,-0.0105
2020-03-06,132.69,130.53,131.4,132.62,31.18,1890281,-0.0067
2020-03-09,133.43,132.69,130.53,132.17,27.96,4441106,0.0164
2020-03-10,129.95,133.43,132.69,131.6,26.56,2822466,0.0055
2020-03-11,130.65,129.95,133.43,131.45,27.33,2351317,-0.0264
2020-03-12,129.93,130.65,129.95,131.33,31.94,2446830,0.0054
2020-03-13,128.63,129.93,130.65,130.52,34.34,3114150,-0.0055
2020-03-16,129.9,128.63,129.93,129.81,37.33,2068560,-0.0101
2020-03-17,132.01,129.9,128.63,130.22,39.29,3105214,0.0099
2020-03-18,133.92,132.01,129.9,130.88,43.83,2729180,0.0161
2020-03-19,132.3,133.92,132.01,131.35,40.92,2828599,0.0144
2020-03-20,131.73,132.3,133.92,131.97,40.88,1495843,-0.0122
2020-03-23,132.44,131.73,132.3,132.48,49.11,4688891,-0.0043
2020-03-24,134.44,132.44,131.73,132.97,57.54,1126045,0.0054
2020-03-25,133.53,134.44,132.44,132.89,57.43,4531419,0.015
2020-03-26,133.21,133.53,134.44,133.07,51.42,4995511,-0.0068
2020-03-27,131.05,133.21,133.53,132.94,43.99,1924945,-0.0024
2020-03-30,128.71,131.05,133.21,132.19,46.66,1891538,-0.0164
2020-03-31,130.38,128.71,131.05,131.38,49.32,2863999,-0.018
2020-04-01,133.14,130.38,128.71,131.3,57.41,1220488,0.0129
2020-04-02,133.05,133.14,130.38,131.27,60.8,919065,0.021
2020-04-03,135.11,133.05,133.14,132.08,62.25,3284372,-0.0007
2020-04-06,135.88,135.11,133.05,133.51,59.71,4725889,0.0153
2020-04-07,134.64,135.88,135.11,134.36,51.86,1963807,0.0057
2020-04-08,135.41,134.64,135.88,134.82,58.47,3592195,-0.0092
2020-04-09,138.54,135.41,134.64,135.92,66.26,2116449,0.0057
2020-04-10,138.52,138.54,135.41,136.6,65.0,789102,0.0228
2020-04-13,141.7,138.52,138.54,137.76,66.92,1836737,-0.0002
2020-04-14,136.51,141.7,138.52,138.13,55.78,3560006,0.0227
2020-04-15,138.2,136.51,141.7,138.69,59.21,2877074,-0.0373
2020-04-16,138.43,138.2,136.51,138.67,64.66,3297753,0.0123
2020-04-17,137.88,138.43,138.2,138.54,69.63,1590805,0.0016
2020-04-20,138.11,137.88,138.43,137.82,67.63,4943778,-0.004
2020-04-21,134.19,138.11,137.88,137.36,52.26,4662065,0.0017
2020-04-22,133.8,134.19,138.11,136.48,51.6,3510087,-0.0288
2020-04-23,134.56,133.8,134.19,135.71,48.76,760116,-0.0029
2020-04-24,137.57,134.56,133.8,135.64,53.47,3468462,0.0057
2020-04-27,136.58,137.57,134.56,135.34,54.03,3542146,0.0221
2020-04-28,135.01,136.58,137.57,135.5,49.19,3118137,-0.0072
2020-04-29,134.06,135.01,136.58,135.56,40.12,4714279,-0.0115
2020-04-30,135.94,134.06,135.01,135.83,44.75,4852099,-0.0071
2020-05-01,136.65,135.94,134.06,135.65,38.56,4062223,0.0139
2020-05-04,135.64,136.65,135.94,135.46,47.57,1757949,0.0052
2020-05-05,136.71,135.64,136.65,135.8,45.7,3471981,-0.0074
2020-05-06,136.96,136.71,135.64,136.38,45.76,4350241,0.0079
2020-05-07,138.95,136.96,136.71,136.98,52.85,4459076,0.0018
2020-05-08,137.59,138.95,136.96,137.17,48.69,4234340,0.0144
2020-05-11,136.99,137.59,138.95,137.44,58.47,3821765,-0.0098
2020-05-12,136.25,136.99,137.59,137.35,57.28,888076,-0.0044
2020-05-13,133.38,136.25,136.99,136.63,46.88,3609244,-0.0054
2020-05-14,134.02,133.38,136.25,135.64,39.33,2698611,-0.0213
2020-05-15,134.59,134.02,133.38,135.04,43.86,2460826,0.0048
2020-05-18,134.65,134.59,134.02,134.58,48.77,3344664,0.0043
2020-05-19,134.23,134.65,134.59,134.17,50.61,3113275,0.0004
2020-05-20,131.45,134.23,134.65,133.79,35.1,1878369,-0.0031
2020-05-21,130.66,131.45,134.23,133.12,30.24,2923970,-0.0209
2020-05-22,130.02,130.66,131.45,132.2,31.01,2590212,-0.006
2020-05-25,128.47,130.02,130.66,130.97,22.98,4671774,-0.0049
2020-05-26,128.2,128.47,130.02,129.76,21.34,2741984,-0.012
2020-05-27,129.05,128.2,128.47,129.28,15.06,652999,-0.0021
2020-05-28,132.88,129.05,128.2,129.72,35.82,561367,0.0067
2020-05-29,133.28,132.88,129.05,130.37,38.7,1253315,0.0292
2020-06-01,133.84,133.28,132.88,131.45,42.58,3505334,0.003
2020-06-02,133.74,133.84,133.28,132.56,51.36,3354190,0.0042
2020-06-03,129.95,133.74,133.84,132.74,37.77,1784382,-0.0007
2020-06-04,129.95,129.95,133.74,132.15,35.55,4353321,-0.0287
2020-06-05,130.12,129.95,129.95,131.52,35.99,3154837,-0.0
2020-06-08,135.1,130.12,129.95,131.77,52.09,3984239,0.0013
2020-06-09,134.76,135.1,130.12,131.98,59.07,1542377,0.0375
2020-06-10,135.42,134.76,135.1,133.07,63.12,3757181,-0.0025
2020-06-11,135.4,135.42,134.76,134.16,65.34,1423780,0.0048
2020-06-12,133.11,135.4,135.42,134.76,62.72,3366451,-0.0001
2020-06-15,135.45,133.11,135.4,134.83,67.85,2968152,-0.017
2020-06-16,137.0,135.45,133.11,135.27,68.91,4907871,0.0174
2020-06-17,138.63,137.0,135.45,135.92,65.29,2442811,0.0114
2020-06-18,136.86,138.63,137.0,136.21,58.88,798090,0.0118
2020-06-19,139.72,136.86,138.63,137.53,63.07,817348,-0.0128
2020-06-22,136.96,139.72,136.86,137.84,56.41,1826283,0.0206
2020-06-23,138.19,136.96,139.72,138.07,68.24,592324,-0.0199
2020-06-24,142.62,138.19,136.96,138.87,73.46,2820688,0.0089
2020-06-25,140.69,142.62,138.19,139.64,68.37,2305808,0.0316
2020-06-26,139.61,140.69,142.62,139.61,59.06,1820567,-0.0136
2020-06-29,139.85,139.61,140.69,140.19,60.27,4720459,-0.0077
2020-06-30,138.9,139.85,139.61,140.33,56.94,4515470,0.0018
2020-07-01,135.85,138.9,139.85,138.98,50.8,3777419,-0.0069
2020-07-02,136.03,135.85,138.9,138.05,55.62,4122138,-0.0222
2020-07-03,133.96,136.03,135.85,136.92,47.11,3040476,0.0014
2020-07-06,134.96,133.96,136.03,135.94,45.95,4729011,-0.0154
2020-07-07,133.17,134.96,133.96,134.79,39.22,1437841,0.0074
2020-07-08,136.32,133.17,134.96,134.89,48.98,2067053,-0.0133
2020-07-09,134.8,136.32,133.17,134.64,40.32,2416545,0.0234
2020-07-10,134.21,134.8,136.32,134.69,44.06,3343940,-0.0112
2020-07-13,135.88,134.21,134.8,134.88,45.14,4432441,-0.0044
2020-07-14,133.47,135.88,134.21,134.94,28.89,1707068,0.0124
2020-07-15,133.98,133.47,135.88,134.47,33.42,4864406,-0.0179
2020-07-16,136.64,133.98,133.47,134.84,43.21,894274,0.0038
2020-07-17,133.48,136.64,133.98,134.69,37.11,4911589,0.0197
2020-07-20,133.9,133.48,136.64,134.29,39.67,1886980,-0.0234
2020-07-21,134.47,133.9,133.48,134.49,46.82,1708052,0.0031
2020-07-22,136.08,134.47,133.9,134.91,50.1,3355994,0.0042
2020-07-23,133.66,136.08,134.47,134.31,49.35,3447762,0.0119
2020-07-24,131.06,133.66,136.08,133.83,42.24,2893293,-0.018
2020-07-27,132.16,131.06,133.66,133.48,47.93,3540267,-0.0196
2020-07-28,132.8,132.16,131.06,133.15,41.97,4342323,0.0083
2020-07-29,133.35,132.8,132.16,132.61,46.54,1797076,0.0049
2020-07-30,134.1,133.35,132.8,132.69,49.74,1680887,0.0041
2020-07-31,132.79,134.1,133.35,133.04,42.52,2307610,0.0056
2020-08-03,133.3,132.79,134.1,133.27,49.54,4939850,-0.0098
2020-08-04,133.94,133.3,132.79,133.49,49.89,3248385,0.0039
2020-08-05,132.56,133.94,133.3,133.34,38.43,4215288,0.0048
2020-08-06,136.34,132.56,133.94,133.78,57.84,2424401,-0.0103
2020-08-07,137.34,136.34,132.56,134.69,59.13,2396220,0.0281
2020-08-10,135.0,137.34,136.34,135.03,51.31,3638744,0.0073
2020-08-11,136.37,135.0,137.34,135.52,50.71,646470,-0.0171
2020-08-12,134.47,136.37,135.0,135.9,52.05,1867223,0.01
2020-08-13,136.09,134.47,136.37,135.85,63.32,1555146,-0.014
2020-08-14,138.46,136.09,134.47,136.08,65.64,2928081,0.012
2020-08-17,136.87,138.46,136.09,136.45,59.64,4179126,0.0172
2020-08-18,138.84,136.87,138.46,136.95,62.2,4144843,-0.0116
2020-08-19,139.72,138.84,136.87,138.0,62.42,4773445,0.0143
2020-08-20,141.41,139.72,138.84,139.06,68.73,4706419,0.0063
2020-08-21,145.26,141.41,139.72,140.42,72.68,3684790,0.0121
2020-08-24,144.82,145.26,141.41,142.01,70.79,3406495,0.0268
2020-08-25,143.36,144.82,145.26,142.91,70.58,4641363,-0.003
2020-08-26,141.63,143.36,144.82,143.3,60.94,2074833,-0.0101
2020-08-27,140.05,141.63,143.36,143.02,55.47,3427337,-0.0121
2020-08-28,139.94,140.05,141.63,141.96,60.96,2548891,-0.0112
2020-08-31,140.68,139.94,140.05,141.13,59.83,1670439,-0.0007
2020-09-01,141.28,140.68,139.94,140.72,66.52,4146804,0.0052
2020-09-02,142.99,141.28,140.68,140.99,66.65,1147296,0.0043
2020-09-03,143.06,142.99,141.28,141.59,62.5,2049302,0.012
2020-09-04,146.02,143.06,142.99,142.8,73.13,3622951,0.0005
2020-09-07,145.54,146.02,143.06,143.78,68.31,2178687,0.0205
2020-09-08,151.03,145.54,146.02,145.73,74.7,1300101,-0.0033
2020-09-09,152.33,151.03,145.54,147.6,74.26,4600612,0.037
2020-09-10,150.67,152.33,151.03,149.12,63.31,2459406,0.0086
2020-09-11,148.57,150.67,152.33,149.63,58.55,1464918,-0.011
2020-09-14,149.59,148.57,150.67,150.44,64.47,996758,-0.014
2020-09-15,149.19,149.59,148.57,150.07,68.72,528625,0.0068
2020-09-16,150.67,149.19,149.59,149.74,76.43,3333552,-0.0027
2020-09-17,151.67,150.67,149.19,149.94,77.93,3931961,0.0099
2020-09-18,151.57,151.67,150.67,150.54,76.77,1776647,0.0066
2020-09-21,149.93,151.57,151.67,150.61,70.21,4542608,-0.0006
2020-09-22,146.95,149.93,151.57,150.16,58.74,3027576,-0.0109
2020-09-23,146.1,146.95,149.93,149.24,56.49,816205,-0.0201
2020-09-24,147.87,146.1,146.95,148.48,54.16,3545315,-0.0058
2020-09-25,148.35,147.87,146.1,147.84,56.31,3644480,0.012
2020-09-28,145.9,148.35,147.87,147.03,36.65,4795680,0.0032
2020-09-29,146.3,145.9,148.35,146.9,33.51,4070834,-0.0166
2020-09-30,147.12,146.3,145.9,147.11,39.84,3430639,0.0027
2020-10-01,145.4,147.12,146.3,146.62,40.71,3364781,0.0056
2020-10-02,145.76,145.4,147.12,146.1,38.33,4605519,-0.0117
2020-10-05,145.93,145.76,145.4,146.1,39.91,4117860,0.0025
2020-10-06,143.69,145.93,145.76,145.58,29.4,4852360,0.0011
2020-10-07,144.46,143.69,145.93,145.05,28.42,4440285,-0.0154
2020-10-08,145.63,144.46,143.69,145.09,33.29,3127144,0.0053
2020-10-09,147.84,145.63,144.46,145.51,44.33,3325896,0.0081
2020-10-12,150.0,147.84,145.63,146.32,58.71,2538540,0.0151
2020-10-13,147.3,150.0,147.84,147.05,53.07,3239956,0.0145
2020-10-14,145.47,147.3,150.0,147.25,43.84,3119980,-0.0182
2020-10-15,146.55,145.47,147.3,147.43,45.53,1221384,-0.0125
2020-10-16,147.63,146.55,145.47,147.39,54.61,1019777,0.0074
2020-10-19,148.71,147.63,146.55,147.13,56.21,4199181,0.0073
2020-10-20,156.46,148.71,147.63,148.97,67.75,3387698,0.0073
2020-10-21,157.66,156.46,148.71,151.4,73.76,4730625,0.0508
2020-10-22,159.98,157.66,156.46,154.09,75.61,2932593,0.0076
2020-10-23,161.94,159.98,157.66,156.95,77.09,4528812,0.0146
2020-10-26,163.29,161.94,159.98,159.86,84.19,4531464,0.0122
2020-10-27,162.71,163.29,161.94,161.11,82.05,3890742,0.0083
2020-10-28,164.28,162.71,163.29,162.44,82.29,656498,-0.0036
2020-10-29,162.78,164.28,162.71,163.0,76.53,3387296,0.0096
2020-10-30,162.36,162.78,164.28,163.08,73.38,3236582,-0.0091
2020-11-02,161.44,162.36,162.78,162.71,78.7,1600500,-0.0026
2020-11-03,161.65,161.44,162.36,162.5,85.14,2076590,-0.0057
2020-11-04,166.33,161.65,161.44,162.91,87.15,2461977,0.0013
2020-11-05,162.64,166.33,161.65,162.88,75.69,4532654,0.0285
2020-11-06,164.07,162.64,166.33,163.23,75.97,1164468,-0.0224
2020-11-09,160.89,164.07,162.64,163.12,58.86,3860160,0.0087
2020-11-10,160.0,160.89,164.07,162.79,54.74,3785727,-0.0195
2020-11-11,162.23,160.0,160.89,161.97,54.57,1380112,-0.0056
2020-11-12,162.4,162.23,160.0,161.92,51.03,3537099,0.0138
2020-11-13,160.3,162.4,162.23,161.16,43.66,4774277,0.0011
2020-11-16,158.92,160.3,162.4,160.77,42.22,4495609,-0.013
2020-11-17,160.33,158.92,160.3,160.83,41.85,2542823,-0.0087
2020-11-18,158.92,160.33,158.92,160.17,41.99,1548173,0.0088
2020-11-19,159.4,158.92,160.33,159.57,43.89,2002025,-0.0088
2020-11-20,159.54,159.4,158.92,159.42,45.95,3091661,0.003
2020-11-23,158.29,159.54,159.4,159.29,43.12,2412584,0.0009
2020-11-24,162.63,158.29,159.54,159.75,42.32,4277538,-0.0079
2020-11-25,163.94,162.63,158.29,160.76,52.99,725049,0.027
2020-11-26,159.94,163.94,162.63,160.87,41.52,1817191,0.0081
2020-11-27,160.37,159.94,163.94,161.03,48.78,3361509,-0.0247
2020-11-30,159.09,160.37,159.94,161.19,47.94,1247419,0.0026
2020-12-01,160.85,159.09,160.37,160.84,46.79,1579924,-0.008
2020-12-02,159.31,160.85,159.09,159.91,43.23,2880932,0.011
2020-12-03,159.13,159.31,160.85,159.75,47.21,2154753,-0.0096
2020-12-04,160.19,159.13,159.31,159.72,53.1,904772,-0.0011
2020-12-07,161.97,160.19,159.13,160.29,53.93,2215499,0.0066
2020-12-08,159.62,161.97,160.19,160.05,51.61,1071107,0.0111
2020-12-09,159.0,159.62,161.97,159.99,49.1,2575406,-0.0146
2020-12-10,158.1,159.0,159.62,159.78,46.85,3017334,-0.0039
2020-12-11,156.85,158.1,159.0,159.11,46.84,2586213,-0.0057
2020-12-14,160.43,156.85,158.1,158.8,45.02,3858509,-0.008
2020-12-15,161.29,160.43,156.85,159.13,43.85,3279499,0.0226
2020-12-16,158.82,161.29,160.43,159.1,47.19,2413722,0.0053
2020-12-17,160.7,158.82,161.29,159.62,50.78,3310860,-0.0154
2020-12-18,165.0,160.7,158.82,161.25,62.04,1048884,0.0118
2020-12-21,167.11,165.0,160.7,162.58,62.59,2499254,0.0264
2020-12-22,164.12,167.11,165.0,163.15,59.13,1487471,0.0127
2020-12-23,163.2,164.12,167.11,164.03,57.52,4753486,-0.018
2020-12-24,165.79,163.2,164.12,165.04,59.78,4656532,-0.0056
2020-12-25,164.42,165.79,163.2,164.93,54.34,2201667,0.0157
2020-12-28,165.36,164.42,165.79,164.58,60.71,4117556,-0.0083
2020-12-29,166.96,165.36,164.42,165.15,64.33,3367340,0.0057
2020-12-30,165.16,166.96,165.36,165.54,62.3,758517,0.0096
2020-12-31,165.09,165.16,166.96,165.4,64.99,1857133,-0.0109
2021-01-01,158.65,165.09,165.16,164.24,47.07,1205475,-0.0004
2021-01-04,156.66,158.65,165.09,162.5,42.64,4439311,-0.0397
2021-01-05,156.2,156.66,158.65,160.35,45.56,1248013,-0.0127
2021-01-06,153.76,156.2,156.66,158.07,38.42,3288890,-0.0029
2021-01-07,157.07,153.76,156.2,156.47,36.35,1752078,-0.0158
2021-01-08,154.26,157.07,153.76,155.59,28.38,4838843,0.0213
2021-01-11,153.43,154.26,157.07,154.94,30.6,924226,-0.0181
2021-01-12,153.74,153.43,154.26,154.45,32.45,4167591,-0.0054
2021-01-13,156.67,153.74,153.43,155.03,33.31,3767727,0.002
2021-01-14,153.85,156.67,153.74,154.39,31.62,4617923,0.0189
2021-01-15,156.23,153.85,156.67,154.78,34.88,4103101,-0.0182
2021-01-18,156.3,156.23,153.85,155.36,31.41,1198956,0.0153
2021-01-19,154.39,156.3,156.23,155.49,31.29,4401529,0.0005
2021-01-20,155.36,154.39,156.3,155.22,33.62,3903096,-0.0123
2021-01-21,155.81,155.36,154.39,155.62,44.0,4780669,0.0063
2021-01-22,154.66,155.81,155.36,155.3,45.63,1254950,0.0029
2021-01-25,154.85,154.66,155.81,155.01,47.0,675211,-0.0074
2021-01-26,154.13,154.85,154.66,154.96,50.89,4592966,0.0012
2021-01-27,154.4,154.13,154.85,154.77,42.52,4757950,-0.0047
2021-01-28,155.78,154.4,154.13,154.76,54.63,765798,0.0018
2021-01-29,159.0,155.78,154.4,155.63,64.83,2030814,0.0089
2021-02-01,156.57,159.0,155.78,155.98,56.78,2383376,0.0205
2021-02-02,160.89,156.57,159.0,157.33,59.46,4391113,-0.0154
2021-02-03,157.04,160.89,156.57,157.86,56.83,3521097,0.0272
2021-02-04,156.78,157.04,160.89,158.06,51.31,655683,-0.0242
2021-02-05,158.01,156.78,157.04,157.86,53.83,3503475,-0.0016
2021-02-08,158.62,158.01,156.78,158.27,60.06,2487755,0.0078
2021-02-09,157.43,158.62,158.01,157.57,54.86,2406039,0.0039
2021-02-10,157.06,157.43,158.62,157.58,52.95,1955465,-0.0076
2021-02-11,156.12,157.06,157.43,157.45,53.5,4692814,-0.0023
2021-02-12,154.99,156.12,157.06,156.84,50.34,1494170,-0.006
2021-02-15,156.74,154.99,156.12,156.47,55.71,3209644,-0.0073
2021-02-16,157.51,156.74,154.99,156.49,56.63,711830,0.0112
2021-02-17,156.17,157.51,156.74,156.31,50.84,4062613,0.0049
2021-02-18,158.02,156.17,157.51,156.69,47.78,3829049,-0.0085
2021-02-19,158.69,158.02,156.17,157.43,55.21,1021998,0.0118
2021-02-22,160.36,158.69,158.02,158.15,48.5,4560119,0.0042
2021-02-23,161.67,160.36,158.69,158.98,65.38,4246169,0.0105
2021-02-24,160.06,161.67,160.36,159.76,59.99,575388,0.0081
2021-02-25,158.99,160.06,161.67,159.95,53.02,2275767,-0.01
2021-02-26,160.54,158.99,160.06,160.32,55.57,2829753,-0.0067
2021-03-01,161.81,160.54,158.99,160.61,62.69,1997618,0.0097
2021-03-02,161.82,161.81,160.54,160.64,64.06,4521080,0.0079
2021-03-03,162.1,161.82,161.81,161.05,68.38,4928690,0.0001
2021-03-04,164.71,162.1,161.82,162.19,77.37,3989443,0.0018
2021-03-05,163.57,164.71,162.1,162.8,69.94,3058944,0.0159
2021-03-08,164.72,163.57,164.71,163.38,70.59,1001174,-0.0069
2021-03-09,164.36,164.72,163.57,163.89,74.79,3381777,0.007
2021-03-10,163.98,164.36,164.72,164.27,69.78,3248996,-0.0022
2021-03-11,166.22,163.98,164.36,164.57,72.65,695246,-0.0023
2021-03-12,167.93,166.22,163.98,165.44,72.69,4196176,0.0136
2021-03-15,169.6,167.93,166.22,166.42,73.28,2843394,0.0102
2021-03-16,172.26,169.6,167.93,168.0,83.73,1011083,0.0099
2021-03-17,172.36,172.26,169.6,169.67,89.05,1512384,0.0156
2021-03-18,173.77,172.36,172.26,171.18,88.97,1366964,0.0005
2021-03-19,173.2,173.77,172.36,172.24,84.99,549104,0.0082
2021-03-22,173.9,173.2,173.77,173.1,85.6,3556277,-0.0033
2021-03-23,173.69,173.9,173.2,173.38,84.29,1363663,0.004
2021-03-24,173.93,173.69,173.9,173.7,81.74,4900072,-0.0012
2021-03-25,175.17,173.93,173.69,173.98,89.61,1706861,0.0014
2021-03-26,173.58,175.17,173.93,174.05,79.4,3619612,0.0071
2021-03-29,177.82,173.58,175.17,174.84,85.48,3391005,-0.0091
2021-03-30,175.86,177.82,173.58,175.27,78.92,757681,0.0241
2021-03-31,173.48,175.86,177.82,175.18,67.55,594018,-0.0111
2021-04-01,175.85,173.48,175.86,175.32,68.56,2498197,-0.0136
2021-04-02,177.48,175.85,173.48,176.1,68.5,2554780,0.0135
2021-04-05,178.78,177.48,175.85,176.29,66.34,3939782,0.0092
2021-04-06,180.08,178.78,177.48,177.13,68.28,4923408,0.0073
2021-04-07,180.11,180.08,178.78,178.46,66.05,1342186,0.0073
2021-04-08,178.36,180.11,180.08,178.96,62.34,4887814,0.0001
2021-04-09,178.57,178.36,180.11,179.18,61.43,1993293,-0.0097
2021-04-12,177.26,178.57,178.36,178.88,58.3,3051314,0.0011
2021-04-13,179.26,177.26,178.57,178.71,61.45,1624905,-0.0073
2021-04-14,179.02,179.26,177.26,178.49,58.63,3605958,0.0112
2021-04-15,177.42,179.02,179.26,178.31,58.59,3758084,-0.0014
2021-04-16,176.82,177.42,179.02,177.96,47.33,704451,-0.009
2021-04-19,177.7,176.82,177.42,178.04,55.24,2480290,-0.0033
2021-04-20,176.62,177.7,176.82,177.52,59.66,3924328,0.0049
2021-04-21,175.03,176.62,177.7,176.72,47.36,903322,-0.0061
2021-04-22,175.57,175.03,176.62,176.35,43.36,4810796,-0.0091
2021-04-23,176.11,175.57,175.03,176.2,40.21,4577716,0.0031
2021-04-26,175.14,176.11,175.57,175.69,31.43,4859879,0.0031
2021-04-27,174.25,175.14,176.11,175.22,29.32,2590545,-0.0055
2021-04-28,174.76,174.25,175.14,175.17,36.09,2408802,-0.0051
2021-04-29,171.92,174.76,174.25,174.44,28.67,2048075,0.0029
2021-04-30,169.15,171.92,174.76,173.05,26.21,993948,-0.0164
2021-05-03,167.77,169.15,171.92,171.57,15.02,4668962,-0.0162
2021-05-04,167.39,167.77,169.15,170.2,14.9,4244085,-0.0082
2021-05-05,168.06,167.39,167.77,168.86,20.08,1280641,-0.0022
2021-05-06,171.06,168.06,167.39,168.69,34.03,4966134,0.004
2021-05-07,172.83,171.06,168.06,169.42,37.13,2054205,0.0177
2021-05-10,172.56,172.83,171.06,170.38,38.78,2204597,0.0103
2021-05-11,172.57,172.56,172.83,171.42,42.57,4265689,-0.0016
2021-05-12,170.61,172.57,172.56,171.93,36.21,3051331,0.0001
2021-05-13,170.63,170.61,172.57,171.84,34.29,3627748,-0.0114
2021-05-14,170.1,170.63,170.61,171.29,35.17,1335036,0.0001
2021-05-17,170.79,170.1,170.63,170.94,39.72,2869822,-0.0031
2021-05-18,169.19,170.79,170.1,170.27,34.42,4501070,0.0041
2021-05-19,170.28,169.19,170.79,170.2,44.92,2888278,-0.0094
2021-05-20,173.39,170.28,169.19,170.75,62.87,3383791,0.0064
2021-05-21,173.23,173.39,170.28,171.38,67.89,4680413,0.0181
2021-05-24,174.08,173.23,173.39,172.03,71.26,3996605,-0.001
2021-05-25,175.51,174.08,173.23,173.3,72.58,1805487,0.0049
2021-05-26,174.76,175.51,174.08,174.19,62.97,808623,0.0082
2021-05-27,175.26,174.76,175.51,174.57,59.36,4147371,-0.0043
2021-05-28,175.33,175.26,174.76,174.99,60.85,3796903,0.0028
2021-05-31,175.58,175.33,175.26,175.29,61.55,2768115,0.0004
2021-06-01,174.08,175.58,175.33,175.0,63.8,1690402,0.0014
2021-06-02,174.18,174.08,175.58,174.89,64.05,1647116,-0.0086
2021-06-03,175.23,174.18,174.08,174.88,69.47,3456566,0.0006
2021-06-04,178.18,175.23,174.18,175.45,73.93,4272763,0.006
2021-06-07,180.15,178.18,175.23,176.36,84.7,810375,0.0167
2021-06-08,184.5,180.15,178.18,178.45,87.32,2626453,0.011
2021-06-09,183.02,184.5,180.15,180.21,77.61,1771300,0.0239
2021-06-10,184.81,183.02,184.5,182.13,80.41,4159731,-0.0081
2021-06-11,185.23,184.81,183.02,183.54,79.95,4888087,0.0098
2021-06-14,189.66,185.23,184.81,185.44,82.73,4342411,0.0023
2021-06-15,188.09,189.66,185.23,186.16,79.73,1515416,0.0236
2021-06-16,186.46,188.09,189.66,186.85,73.78,2814181,-0.0083
2021-06-17,185.31,186.46,188.09,186.95,70.26,3904231,-0.0087
2021-06-18,181.12,185.31,186.46,186.13,59.69,3765696,-0.0062
2021-06-21,180.12,181.12,185.31,184.22,60.74,4705003,-0.0229
2021-06-22,178.65,180.12,181.12,182.33,57.58,3841861,-0.0055
2021-06-23,179.0,178.65,180.12,180.84,56.56,3115804,-0.0082
2021-06-24,179.73,179.0,178.65,179.72,52.93,4812717,0.002
2021-06-25,183.53,179.73,179.0,180.21,55.97,2482243,0.0041
2021-06-28,185.48,183.53,179.73,181.28,51.89,2192128,0.0209
2021-06-29,184.38,185.48,183.53,182.43,52.66,3913654,0.0106
2021-06-30,182.63,184.38,185.48,183.15,45.73,3770209,-0.006
2021-07-01,183.67,182.63,184.38,183.94,47.01,715400,-0.0095
2021-07-02,181.08,183.67,182.63,183.45,32.36,3157025,0.0056
2021-07-05,184.79,181.08,183.67,183.31,43.76,3824664,-0.0142
2021-07-06,187.2,184.79,181.08,183.87,51.35,4094058,0.0203
2021-07-07,186.31,187.2,184.79,184.61,51.85,2635219,0.013
2021-07-08,182.93,186.31,187.2,184.46,53.47,2246621,-0.0048
2021-07-09,185.69,182.93,186.31,185.39,59.99,4712377,-0.0183
2021-07-12,185.51,185.69,182.93,185.53,62.89,4730339,0.015
2021-07-13,188.04,185.51,185.69,185.7,65.69,1744625,-0.001
2021-07-14,184.9,188.04,185.51,185.42,58.28,733782,0.0135
2021-07-15,183.75,184.9,188.04,185.58,50.38,4235466,-0.0168
2021-07-16,183.81,183.75,184.9,185.2,46.86,2083246,-0.0062
2021-07-19,183.96,183.81,183.75,184.89,49.17,1226331,0.0003
2021-07-20,183.11,183.96,183.81,183.9,50.95,2294291,0.0008
2021-07-21,184.4,183.11,183.96,183.81,51.46,4398606,-0.0046
2021-07-22,182.32,184.4,183.11,183.52,52.52,3482448,0.0071
2021-07-23,182.08,182.32,184.4,183.17,43.58,3378117,-0.0114
2021-07-26,182.37,182.08,182.32,182.86,37.28,4981617,-0.0013
2021-07-27,183.45,182.37,182.08,182.92,42.54,4781772,0.0016
2021-07-28,184.92,183.45,182.37,183.03,55.76,2543037,0.0059
2021-07-29,182.72,184.92,183.45,183.11,41.12,4886007,0.008
2021-07-30,179.71,182.72,184.92,182.64,35.14,4233149,-0.012
2021-08-02,182.31,179.71,182.72,182.62,35.41,3587821,-0.0167
2021-08-03,183.03,182.31,179.71,182.54,44.55,3304802,0.0144
2021-08-04,181.58,183.03,182.31,181.87,43.79,4657263,0.0039
2021-08-05,184.73,181.58,183.03,182.27,52.23,4988198,-0.0079
2021-08-06,185.01,184.73,181.58,183.33,52.55,2113325,0.0172
2021-08-09,187.42,185.01,184.73,184.35,59.68,4112744,0.0015
2021-08-10,187.61,187.42,185.01,185.27,57.57,1626798,0.0129
2021-08-11,191.78,187.61,187.42,187.31,70.34,3233460,0.001
2021-08-12,195.34,191.78,187.61,189.43,74.93,4615362,0.022
2021-08-13,194.89,195.34,191.78,191.41,73.41,2203377,0.0184
2021-08-16,196.88,194.89,195.34,193.3,74.28,1752557,-0.0023
2021-08-17,198.22,196.88,194.89,195.42,74.16,4798515,0.0102
2021-08-18,201.01,198.22,196.88,197.27,82.52,3832049,0.0068
2021-08-19,199.13,201.01,198.22,198.03,86.01,1990687,0.014
2021-08-20,200.55,199.13,201.01,199.16,85.36,1423160,-0.0094
2021-08-23,202.72,200.55,199.13,200.33,86.14,4557025,0.0071
2021-08-24,199.25,202.72,200.55,200.53,80.2,4102684,0.0107
2021-08-25,196.94,199.25,202.72,199.72,71.47,3447893,-0.0173
2021-08-26,192.91,196.94,199.25,198.48,62.27,4288963,-0.0117
2021-08-27,192.42,192.91,196.94,196.85,58.26,4374910,-0.0207
2021-08-30,193.91,192.42,192.91,195.09,59.98,3651629,-0.0025
2021-08-31,196.96,193.91,192.42,194.63,58.51,2759776,0.0077
2021-09-01,197.16,196.96,193.91,194.67,53.36,3868045,0.0156
2021-09-02,200.47,197.16,196.96,196.18,59.31,4840092,0.001
2021-09-03,197.76,200.47,197.16,197.25,51.42,3132578,0.0166
2021-09-06,194.4,197.76,200.47,197.35,44.14,1468616,-0.0136
2021-09-07,194.34,194.4,197.76,196.82,38.85,4717733,-0.0171
2021-09-08,195.16,194.34,194.4,196.42,43.11,1750956,-0.0003
2021-09-09,195.14,195.16,194.34,195.36,40.15,1990036,0.0042
2021-09-10,191.06,195.14,195.16,194.02,30.15,3369729,-0.0001
2021-09-13,190.93,191.06,195.14,193.32,34.02,2309377,-0.0212
2021-09-14,188.37,190.93,191.06,192.13,33.71,1565923,-0.0007
2021-09-15,189.76,188.37,190.93,191.05,43.34,2220856,-0.0135
2021-09-16,190.54,189.76,188.37,190.13,46.08,1056110,0.0073
2021-09-17,188.71,190.54,189.76,189.66,39.31,1464163,0.0041
2021-09-20,187.73,188.71,190.54,189.02,29.24,3512539,-0.0096
2021-09-21,185.66,187.73,188.71,188.48,26.14,4702271,-0.0052
2021-09-22,185.59,185.66,187.73,187.65,14.34,4542879,-0.0111
2021-09-23,187.55,185.59,185.66,187.05,24.62,4181887,-0.0004
2021-09-24,185.63,187.55,185.59,186.43,26.52,2822523,0.0105
2021-09-27,186.69,185.63,187.55,186.22,30.55,4375358,-0.0103
2021-09-28,185.68,186.69,185.63,186.23,26.14,1713261,0.0057
2021-09-29,184.14,185.68,186.69,185.94,24.28,751537,-0.0054
2021-09-30,183.98,184.14,185.68,185.22,29.73,2256124,-0.0083
2021-10-01,181.96,183.98,184.14,184.49,26.82,1341531,-0.0009
2021-10-04,180.9,181.96,183.98,183.33,29.08,1364645,-0.011
2021-10-05,178.55,180.9,181.96,181.9,20.21,1928127,-0.0058
2021-10-06,182.53,178.55,180.9,181.58,31.8,971082,-0.0131
2021-10-07,182.65,182.53,178.55,181.32,35.07,2421277,0.022
2021-10-08,181.3,182.65,182.53,181.19,34.44,4754849,0.0007
2021-10-11,181.78,181.3,182.65,181.36,39.82,3947794,-0.0074
2021-10-12,181.61,181.78,181.3,181.97,39.61,2115777,0.0026
2021-10-13,181.21,181.61,181.78,181.71,32.01,4004905,-0.001
2021-10-14,182.49,181.21,181.61,181.68,40.76,4012664,-0.0022
2021-10-15,184.06,182.49,181.21,182.23,42.48,1473181,0.007
2021-10-18,183.05,184.06,182.49,182.48,42.48,3616810,0.0085
2021-10-19,181.94,183.05,184.06,182.55,43.56,1991633,-0.0055
2021-10-20,181.44,181.94,183.05,182.6,42.72,2033854,-0.006
2021-10-21,176.89,181.44,181.94,181.48,37.28,2561774,-0.0028
2021-10-22,173.91,176.89,181.44,179.45,34.0,3290358,-0.0254
2021-10-25,176.69,173.91,176.89,178.18,45.83,4360562,-0.017
2021-10-26,180.03,176.69,173.91,177.79,44.23,3690664,0.0159
2021-10-27,179.59,180.03,176.69,177.42,43.02,2265524,0.0187
2021-10-28,180.79,179.59,180.03,178.2,48.82,1750632,-0.0025
2021-10-29,181.46,180.79,179.59,179.71,49.28,2822621,0.0067
2021-11-01,187.67,181.46,180.79,181.91,60.81,637478,0.0037
2021-11-02,189.96,187.67,181.46,183.89,64.61,3743087,0.0336
2021-11-03,189.75,189.96,187.67,185.93,62.58,1409711,0.0121
2021-11-04,187.89,189.75,189.96,187.35,56.57,4211584,-0.0011
2021-11-05,184.73,187.89,189.75,188.0,52.69,2119715,-0.0099
2021-11-08,185.19,184.73,187.89,187.5,55.28,3090310,-0.017
2021-11-09,183.72,185.19,184.73,186.26,53.6,2127687,0.0025
2021-11-10,180.93,183.72,185.19,184.49,56.76,1460612,-0.0079
2021-11-11,179.69,180.93,183.72,182.85,60.26,927387,-0.0153
2021-11-12,177.57,179.69,180.93,181.42,51.6,4146259,-0.0069
2021-11-15,181.0,177.57,179.69,180.58,51.75,2044613,-0.0118
2021-11-16,182.81,181.0,177.57,180.4,55.58,1797638,0.0191
2021-11-17,182.84,182.81,181.0,180.78,53.7,2654174,0.01
2021-11-18,185.85,182.84,182.81,182.02,57.3,2930525,0.0002
2021-11-19,186.06,185.85,182.84,183.71,46.65,3595010,0.0163
2021-11-22,184.39,186.06,185.85,184.39,38.12,2956070,0.0011
2021-11-23,187.48,184.39,186.06,185.32,45.69,989626,-0.009
2021-11-24,188.61,187.48,184.39,186.48,51.4,788859,0.0167
2021-11-25,186.59,188.61,187.48,186.62,53.79,2046236,0.006
2021-11-26,186.25,186.59,188.61,186.66,52.2,4501412,-0.0108
2021-11-29,184.55,186.25,186.59,186.7,51.69,2790870,-0.0018
2021-11-30,181.84,184.55,186.25,185.57,51.86,1094305,-0.0092
2021-12-01,183.74,181.84,184.55,184.59,58.06,4757341,-0.0148
2021-12-02,187.61,183.74,181.84,184.8,68.64,4259834,0.0104
2021-12-03,184.86,187.61,183.74,184.52,57.36,3127988,0.0208
2021-12-06,186.04,184.86,187.61,184.82,56.3,704366,-0.0148
2021-12-07,184.79,186.04,184.86,185.41,53.62,1002420,0.0063
2021-12-08,183.86,184.79,186.04,185.43,45.98,2751401,-0.0067
2021-12-09,182.73,183.86,184.79,184.46,43.51,2179161,-0.005
2021-12-10,181.05,182.73,183.86,183.69,43.5,1538199,-0.0062
2021-12-13,181.2,181.05,182.73,182.72,36.17,1160902,-0.0092
2021-12-14,179.58,181.2,181.05,181.68,30.56,2038112,0.0008
2021-12-15,180.18,179.58,181.2,180.95,35.29,2226676,-0.0089
2021-12-16,180.13,180.18,179.58,180.43,35.74,1870073,0.0033
2021-12-17,179.7,180.13,180.18,180.16,38.0,4653585,-0.0003
2021-12-20,177.93,179.7,180.13,179.5,39.87,2185996,-0.0024
2021-12-21,176.83,177.93,179.7,178.95,31.3,3746417,-0.0099
2021-12-22,178.39,176.83,177.93,178.59,21.49,1202436,-0.0062
2021-12-23,179.44,178.39,176.83,178.46,31.27,3043788,0.0088
2021-12-24,177.54,179.44,178.39,178.03,22.04,1852144,0.0059
2021-12-27,177.78,177.54,179.44,178.0,25.35,2051330,-0.0107
2021-12-28,179.34,177.78,177.54,178.5,34.74,1471248,0.0014
2021-12-29,176.05,179.34,177.78,178.03,30.34,3107411,0.0087
2021-12-30,177.19,176.05,179.34,177.58,38.25,2193439,-0.0185
2021-12-31,175.91,177.19,176.05,177.25,34.96,2331094,0.0064
2022-01-03,177.1,175.91,177.19,177.12,42.76,3937172,-0.0072
2022-01-04,175.62,177.1,175.91,176.37,37.38,1559325,0.0067
2022-01-05,172.07,175.62,177.1,175.58,31.29,2463571,-0.0084
2022-01-06,168.86,172.07,175.62,173.91,27.72,4919323,-0.0205
2022-01-07,169.01,168.86,172.07,172.53,30.34,1097218,-0.0188
2022-01-10,169.58,169.01,168.86,171.03,33.64,4315144,0.0009
2022-01-11,167.82,169.58,169.01,169.46,26.37,3936252,0.0034
2022-01-12,169.14,167.82,169.58,168.88,27.26,1317052,-0.0104
2022-01-13,165.87,169.14,167.82,168.28,25.71,2485957,0.0079
2022-01-14,165.79,165.87,169.14,167.64,24.84,1928080,-0.0195
2022-01-17,163.42,165.79,165.87,166.41,17.72,1601928,-0.0005
2022-01-18,162.16,163.42,165.79,165.28,19.32,3021279,-0.0144
2022-01-19,162.31,162.16,163.42,163.91,15.62,2600343,-0.0077
2022-01-20,160.64,162.31,162.16,162.86,15.34,4596392,0.0009
2022-01-21,159.92,160.64,162.31,161.69,10.15,3226016,-0.0103
2022-01-24,161.98,159.92,160.64,161.4,19.19,1744289,-0.0045
2022-01-25,160.88,161.98,159.92,161.14,21.59,942939,0.0128
2022-01-26,162.6,160.88,161.98,161.2,32.8,1552207,-0.0068
2022-01-27,160.39,162.6,160.88,161.15,28.74,3782972,0.0106
2022-01-28,161.5,160.39,162.6,161.47,30.59,804224,-0.0137
2022-01-31,164.43,161.5,160.39,161.96,42.3,4914473,0.0069
2022-02-01,159.54,164.43,161.5,161.69,31.2,3211793,0.018
2022-02-02,157.99,159.54,164.43,160.77,33.47,2819124,-0.0302
2022-02-03,159.2,157.99,159.54,160.53,36.79,4423227,-0.0097
2022-02-04,158.84,159.2,157.99,160.0,40.02,2573290,0.0076
2022-02-07,159.64,158.84,159.2,159.04,44.37,3018970,-0.0022
2022-02-08,158.48,159.64,158.84,158.83,41.84,4389877,0.005
2022-02-09,158.7,158.48,159.64,158.97,45.6,2227408,-0.0073
2022-02-10,158.44,158.7,158.48,158.82,46.57,3301742,0.0014
2022-02-11,160.82,158.44,158.7,159.22,47.36,3588272,-0.0016
2022-02-14,161.38,160.82,158.44,159.56,51.19,1555675,0.0149
2022-02-15,162.11,161.38,160.82,160.29,48.8,4064375,0.0035
2022-02-16,161.33,162.11,161.38,160.82,52.5,1465188,0.0045
2022-02-17,160.41,161.33,162.11,161.21,47.09,2661088,-0.0048
2022-02-18,159.59,160.41,161.33,160.97,35.44,2820484,-0.0058
2022-02-21,160.43,159.59,160.41,160.78,53.56,4605223,-0.0051
2022-02-22,159.64,160.43,159.59,160.28,56.97,3322988,0.0052
2022-02-23,160.27,159.64,160.43,160.07,54.77,4419047,-0.0049
2022-02-24,164.47,160.27,159.64,160.88,68.66,3968792,0.0039
2022-02-25,166.26,164.47,160.27,162.22,70.61,987510,0.0259
2022-02-28,165.66,166.26,164.47,163.26,73.14,4075168,0.0108
2022-03-01,168.11,165.66,166.26,164.96,76.51,4555447,-0.0036
2022-03-02,167.35,168.11,165.66,166.37,74.4,2173879,0.0147
2022-03-03,163.32,167.35,168.11,166.14,56.28,2280752,-0.0046
2022-03-04,161.36,163.32,167.35,165.16,49.94,3793331,-0.0244
2022-03-07,157.66,161.36,163.32,163.56,40.84,4264455,-0.0121
2022-03-08,157.01,157.66,161.36,161.34,41.05,4835518,-0.0231
2022-03-09,157.1,157.01,157.66,159.29,42.9,903082,-0.0042
2022-03-10,160.5,157.1,157.01,158.73,51.75,701139,0.0006
2022-03-11,161.2,160.5,157.1,158.7,51.5,4404722,0.0214
2022-03-14,160.82,161.2,160.5,159.33,52.32,3246866,0.0044
2022-03-15,162.53,160.82,161.2,160.43,54.26,1707786,-0.0024
2022-03-16,158.15,162.53,160.82,160.64,38.13,592601,0.0106
2022-03-17,158.67,158.15,162.53,160.27,35.03,3675684,-0.0273
2022-03-18,160.27,158.67,158.15,160.09,39.75,3884068,0.0033
2022-03-21,157.36,160.27,158.67,159.4,29.92,1129085,0.01
2022-03-22,159.7,157.36,160.27,158.83,36.51,2459925,-0.0183
2022-03-23,160.42,159.7,157.36,159.28,44.22,3509887,0.0147
2022-03-24,159.64,160.42,159.7,159.48,46.41,2018087,0.0045
2022-03-25,160.96,159.64,160.42,159.62,57.66,2513321,-0.0049
2022-03-28,165.55,160.96,159.64,161.25,66.79,3018638,0.0082
2022-03-29,165.96,165.55,160.96,162.51,67.21,1103103,0.0281
2022-03-30,166.51,165.96,165.55,163.72,63.12,4733583,0.0025
2022-03-31,165.64,166.51,165.96,164.92,59.62,2489968,0.0033
2022-04-01,163.99,165.64,166.51,165.53,56.52,2745854,-0.0052
2022-04-04,165.7,163.99,165.64,165.56,56.53,3116241,-0.01
2022-04-05,164.04,165.7,163.99,165.18,63.61,3343586,0.0104
2022-04-06,164.23,164.04,165.7,164.72,63.05,1757008,-0.0101
2022-04-07,163.33,164.23,164.04,164.26,57.43,4570211,0.0012
2022-04-08,164.34,163.33,164.23,164.33,68.64,4343688,-0.0055
2022-04-11,165.05,164.34,163.33,164.2,65.67,4116984,0.0062
2022-04-12,167.18,165.05,164.34,164.83,68.27,4817561,0.0044
2022-04-13,166.21,167.18,165.05,165.22,67.58,4518365,0.0128
2022-04-14,165.72,166.21,167.18,165.7,63.33,1503171,-0.0058
2022-04-15,163.81,165.72,166.21,165.59,44.27,3400737,-0.003
2022-04-18,162.97,163.81,165.72,165.18,40.41,1870485,-0.0116
2022-04-19,163.78,162.97,163.81,164.5,41.38,2181076,-0.0051
2022-04-20,165.34,163.78,162.97,164.32,49.09,2111935,0.0049
2022-04-21,163.55,165.34,163.78,163.89,48.67,612990,0.0095
2022-04-22,165.34,163.55,165.34,164.19,48.91,1481883,-0.0109
2022-04-25,168.1,165.34,163.55,165.22,61.35,2168321,0.0109
2022-04-26,168.97,168.1,165.34,166.26,62.78,3793705,0.0166
2022-04-27,172.78,168.97,168.1,167.75,72.03,2118702,0.0052
2022-04-28,171.28,172.78,168.97,169.29,65.83,2000071,0.0223
2022-04-29,168.84,171.28,172.78,169.99,58.0,4259505,-0.0087
2022-05-02,165.33,168.84,171.28,169.44,46.32,526806,-0.0143
2022-05-03,168.38,165.33,168.84,169.32,54.0,4764423,-0.021
2022-05-04,169.73,168.38,165.33,168.71,57.17,2373722,0.0182
2022-05-05,169.67,169.73,168.38,168.39,61.21,2019603,0.008
2022-05-06,170.28,169.67,169.73,168.68,64.11,2468541,-0.0004
2022-05-09,168.08,170.28,169.67,169.23,57.88,3004659,0.0036
2022-05-10,173.02,168.08,170.28,170.16,62.52,2250740,-0.013
2022-05-11,173.33,173.02,168.08,170.88,66.76,1363403,0.029
2022-05-12,173.6,173.33,173.02,171.66,64.93,1379903,0.0018
2022-05-13,175.1,173.6,173.33,172.63,63.26,1385421,0.0015
2022-05-16,176.11,175.1,173.6,174.23,63.45,4778384,0.0086
2022-05-17,176.61,176.11,175.1,174.95,58.25,1478836,0.0058
2022-05-18,175.08,176.61,176.11,175.3,58.16,3723522,0.0028
2022-05-19,176.07,175.08,176.61,175.8,66.56,2717181,-0.0087
2022-05-20,179.89,176.07,175.08,176.75,82.87,679830,0.0057
2022-05-23,182.63,179.89,176.07,178.06,82.63,2056518,0.0214
2022-05-24,185.87,182.63,179.89,179.91,84.01,3984144,0.0151
2022-05-25,184.89,185.87,182.63,181.87,80.9,3159083,0.0176
2022-05-26,182.96,184.89,185.87,183.25,74.43,4613640,-0.0052
2022-05-27,182.76,182.96,184.89,183.82,80.65,1736497,-0.0105
2022-05-30,182.92,182.76,182.96,183.88,75.82,2047261,-0.0011
2022-05-31,185.16,182.92,182.76,183.74,78.04,1366183,0.0009
2022-06-01,181.83,185.16,182.92,183.13,67.02,1122893,0.0122
2022-06-02,184.94,181.83,185.16,183.52,69.08,4395958,-0.0182
2022-06-03,184.67,184.94,181.83,183.9,67.09,951157,0.017
2022-06-06,183.87,184.67,184.94,184.09,64.32,1765898,-0.0014
2022-06-07,181.89,183.87,184.67,183.44,63.21,2620539,-0.0044
2022-06-08,178.63,181.89,183.87,182.8,54.56,1380412,-0.0108
2022-06-09,180.33,178.63,181.89,181.88,50.85,3731185,-0.0181
2022-06-10,180.53,180.33,178.63,181.05,45.5,2741281,0.0095
2022-06-13,178.0,180.53,180.33,179.87,32.65,4234044,0.0011
2022-06-14,175.46,178.0,180.53,178.59,30.53,817875,-0.0141
2022-06-15,174.83,175.46,178.0,177.83,32.28,1728337,-0.0144
2022-06-16,178.22,174.83,175.46,177.41,41.31,3166078,-0.0035
2022-06-17,177.75,178.22,174.83,176.85,40.22,984814,0.0192
2022-06-20,174.8,177.75,178.22,176.21,30.91,1726134,-0.0026
2022-06-21,174.35,174.8,177.75,175.99,34.59,4190583,-0.0168
2022-06-22,173.86,174.35,174.8,175.8,24.41,3020107,-0.0025
2022-06-23,168.52,173.86,174.35,173.86,19.77,2130668,-0.0028
2022-06-24,168.46,168.52,173.86,172.0,20.33,2099908,-0.0312
2022-06-27,168.04,168.46,168.52,170.65,21.64,2664412,-0.0003
2022-06-28,169.49,168.04,168.46,169.67,29.76,2853847,-0.0024
2022-06-29,173.24,169.49,168.04,169.55,35.61,3130146,0.0085
2022-06-30,175.54,173.24,169.49,170.95,40.68,3392478,0.0219
2022-07-01,175.05,175.54,173.24,172.27,44.04,2484117,0.0132
2022-07-04,172.89,175.05,175.54,173.24,44.72,2943282,-0.0028
2022-07-05,178.08,172.89,175.05,174.96,55.62,529725,-0.0124
2022-07-06,178.25,178.08,172.89,175.96,50.06,1685574,0.0296
2022-07-07,178.33,178.25,178.08,176.52,51.14,4798859,0.0009
2022-07-08,178.33,178.33,178.25,177.18,57.91,1295928,0.0004
2022-07-11,178.78,178.33,178.33,178.36,59.9,1388036,0.0
2022-07-12,178.54,178.78,178.33,178.45,60.6,3471783,0.0025
2022-07-13,177.44,178.54,178.78,178.28,75.02,3162761,-0.0013
2022-07-14,176.4,177.44,178.54,177.9,71.09,3013024,-0.0062
2022-07-15,176.38,176.4,177.44,177.51,72.62,3040034,-0.0059
2022-07-18,175.35,176.38,176.4,176.82,66.25,2898083,-0.0001
2022-07-19,173.97,175.35,176.38,175.91,52.35,3053314,-0.0059
2022-07-20,174.23,173.97,175.35,175.27,45.21,4409439,-0.0079
2022-07-21,173.77,174.23,173.97,174.74,45.3,4411146,0.0015
2022-07-22,176.83,173.77,174.23,174.83,63.62,2140920,-0.0026
2022-07-25,171.58,176.83,173.77,174.08,27.62,2207017,0.0174
2022-07-26,173.81,171.58,176.83,174.05,36.63,1189556,-0.0302
2022-07-27,176.35,173.81,171.58,174.47,44.82,3289247,0.0129
2022-07-28,172.26,176.35,173.81,174.17,36.89,3357261,0.0145
2022-07-29,171.62,172.26,176.35,173.13,34.68,3725830,-0.0235
2022-08-01,170.93,171.62,172.26,173.0,34.01,2753722,-0.0037
2022-08-02,168.16,170.93,171.62,171.87,31.79,2149729,-0.004
2022-08-03,166.66,168.16,170.93,169.93,31.22,1616271,-0.0163
2022-08-04,164.49,166.66,168.16,168.37,28.82,3028268,-0.009
2022-08-05,168.04,164.49,166.66,167.66,38.07,3599555,-0.0131
2022-08-08,169.96,168.04,164.49,167.46,43.57,2181641,0.0214
2022-08-09,172.56,169.96,168.04,168.34,47.5,1016409,0.0114
2022-08-10,174.05,172.56,169.96,169.82,50.4,1166165,0.0151
2022-08-11,171.84,174.05,172.56,171.29,42.59,3288363,0.0086
2022-08-12,170.84,171.84,174.05,171.85,48.75,4976321,-0.0128
2022-08-15,171.87,170.84,171.84,172.23,46.56,4210388,-0.0058
2022-08-16,169.48,171.87,170.84,171.62,37.75,3735192,0.006
2022-08-17,170.95,169.48,171.87,171.0,47.44,3267891,-0.014
2022-08-18,170.52,170.95,169.48,170.73,47.82,3763050,0.0087
2022-08-19,169.82,170.52,170.95,170.53,47.81,2240687,-0.0025
2022-08-22,171.3,169.82,170.52,170.41,56.54,2435090,-0.0041
2022-08-23,172.23,171.3,169.82,170.97,61.92,1245182,0.0086
2022-08-24,171.56,172.23,171.3,171.09,66.16,4437270,0.0055
2022-08-25,173.93,171.56,172.23,171.77,64.23,916978,-0.0039
2022-08-26,171.82,173.93,171.56,172.17,54.44,1533316,0.0137
2022-08-29,173.1,171.82,173.93,172.53,51.39,3121038,-0.0122
2022-08-30,174.34,173.1,171.82,172.95,50.74,3880355,0.0074
2022-08-31,173.77,174.34,173.1,173.39,55.44,2270485,0.0071
2022-09-01,174.47,173.77,174.34,173.5,60.43,4368452,-0.0033
2022-09-02,172.02,174.47,173.77,173.54,50.39,4505605,0.004
2022-09-05,173.92,172.02,174.47,173.7,62.12,2701044,-0.0142
2022-09-06,173.6,173.92,172.02,173.55,57.7,1812743,0.011
2022-09-07,172.6,173.6,173.92,173.32,55.86,3241094,-0.0018
2022-09-08,174.75,172.6,173.6,173.38,62.85,2427205,-0.0058
2022-09-09,173.39,174.75,172.6,173.65,55.5,4234445,0.0124
2022-09-12,170.62,173.39,174.75,172.99,46.14,604195,-0.0078
2022-09-13,167.56,170.62,173.39,171.78,41.4,4601036,-0.0161
2022-09-14,168.82,167.56,170.62,171.03,38.48,1838486,-0.0181
2022-09-15,166.31,168.82,167.56,169.34,37.8,2665251,0.0075
2022-09-16,169.87,166.31,168.82,168.64,43.5,1977852,-0.015
2022-09-19,165.76,169.87,166.31,167.66,34.52,3714850,0.0212
2022-09-20,169.2,165.76,169.87,167.99,42.53,2220023,-0.0245
2022-09-21,169.67,169.2,165.76,168.16,42.1,3170308,0.0206
2022-09-22,169.53,169.67,169.2,168.8,45.56,4062169,0.0028
2022-09-23,168.49,169.53,169.67,168.53,40.02,4527446,-0.0008
2022-09-26,169.34,168.49,169.53,169.24,42.32,986275,-0.0062
2022-09-27,169.31,169.34,168.49,169.27,43.85,798871,0.005
2022-09-28,171.57,169.31,169.34,169.65,44.08,1657655,-0.0001
2022-09-29,171.85,171.57,169.31,170.11,47.01,3449281,0.0132
2022-09-30,172.2,171.85,171.57,170.85,53.37,1794929,0.0016
2022-10-03,171.52,172.2,171.85,171.29,59.44,3004594,0.002
2022-10-04,171.46,171.52,172.2,171.72,56.66,1743294,-0.0039
2022-10-05,172.12,171.46,171.52,171.83,66.2,4067675,-0.0004
2022-10-06,168.75,172.12,171.46,171.21,46.85,1396816,0.0039
2022-10-07,166.1,168.75,172.12,169.99,51.07,4307085,-0.0198
2022-10-10,167.64,166.1,168.75,169.21,44.58,2914802,-0.0158
2022-10-11,168.03,167.64,166.1,168.53,44.27,943031,0.0092
2022-10-12,167.71,168.03,167.64,167.65,43.73,1590668,0.0023
2022-10-13,167.8,167.71,168.03,167.46,47.46,3290373,-0.0019
2022-10-14,168.55,167.8,167.71,167.95,47.06,4183444,0.0005
2022-10-17,167.52,168.55,167.8,167.92,43.78,4416643,0.0044
2022-10-18,166.01,167.52,168.55,167.52,29.67,3787058,-0.0061
2022-10-19,166.45,166.01,167.52,167.27,30.5,3703503,-0.009
2022-10-20,164.55,166.45,166.01,166.61,25.14,2285516,0.0027
2022-10-21,165.41,164.55,166.45,165.99,30.39,4658179,-0.0115
2022-10-24,162.06,165.41,164.55,164.9,25.09,790998,0.0053
2022-10-25,164.17,162.06,165.41,164.53,30.41,2328022,-0.0205
2022-10-26,165.16,164.17,162.06,164.27,39.99,3548593,0.0129
2022-10-27,165.72,165.16,164.17,164.5,48.8,1909854,0.006
2022-10-28,167.74,165.72,165.16,164.97,50.3,681360,0.0034
2022-10-31,171.12,167.74,165.72,166.78,57.99,2944026,0.0121
2022-11-01,173.2,171.12,167.74,168.59,63.01,3015419,0.02
2022-11-02,169.57,173.2,171.12,169.47,53.58,4638286,0.0121
2022-11-03,167.06,169.57,173.2,169.74,47.18,1791210,-0.0212
2022-11-04,165.86,167.06,169.57,169.36,46.87,3143061,-0.0149
2022-11-07,165.96,165.86,167.06,168.33,49.9,4084197,-0.0072
2022-11-08,167.04,165.96,165.86,167.1,51.15,811955,0.0006
2022-11-09,165.64,167.04,165.96,166.31,52.17,2627599,0.0065
2022-11-10,166.07,165.64,167.04,166.11,51.32,2725198,-0.0084
2022-11-11,164.61,166.07,165.64,165.86,55.55,2065070,0.0026
2022-11-14,163.43,164.61,166.07,165.36,48.34,4331342,-0.0088
2022-11-15,160.67,163.43,164.61,164.08,40.56,4882794,-0.0072
2022-11-16,158.87,160.67,163.43,162.73,36.31,4290328,-0.0171
2022-11-17,156.22,158.87,160.67,160.76,27.56,4396892,-0.0112
2022-11-18,154.32,156.22,158.87,158.7,15.26,2763089,-0.0168
2022-11-21,156.48,154.32,156.22,157.31,15.53,3962092,-0.0122
2022-11-22,154.63,156.48,154.32,156.1,16.77,4937610,0.0139
2022-11-23,159.94,154.63,156.48,156.32,35.93,3739536,-0.0119
2022-11-24,160.98,159.94,154.63,157.27,40.29,2826133,0.0338
2022-11-25,161.4,160.98,159.94,158.68,41.03,2239461,0.0065
2022-11-28,159.73,161.4,160.98,159.33,35.94,2650224,0.0026
2022-11-29,161.18,159.73,161.4,160.65,41.44,4502713,-0.0104
2022-11-30,160.08,161.18,159.73,160.67,38.81,1087100,0.009
2022-12-01,160.37,160.08,161.18,160.55,41.73,3915871,-0.0069
2022-12-02,165.54,160.37,160.08,161.38,53.57,2881732,0.0018
2022-12-05,165.4,165.54,160.37,162.52,58.78,2377971,0.0317
2022-12-06,167.75,165.4,165.54,163.83,66.14,2849316,-0.0009
2022-12-07,166.39,167.75,165.4,165.09,69.41,4541059,0.0141
2022-12-08,166.37,166.39,167.75,166.29,74.78,3366757,-0.0081
2022-12-09,169.97,166.37,166.39,167.18,76.18,1836921,-0.0001
2022-12-12,168.76,169.97,166.37,167.85,78.14,2747939,0.0214
2022-12-13,172.44,168.76,169.97,168.79,76.61,4854685,-0.0071
2022-12-14,173.9,172.44,168.76,170.29,77.03,2077969,0.0215
2022-12-15,172.83,173.9,172.44,171.58,73.27,4434999,0.0085
2022-12-16,174.14,172.83,173.9,172.41,79.77,4763224,-0.0062
2022-12-19,176.14,174.14,172.83,173.89,80.21,3247176,0.0076
2022-12-20,177.43,176.14,174.14,174.89,84.78,3528149,0.0114
2022-12-21,174.34,177.43,176.14,174.98,75.17,3138509,0.0073
2022-12-22,172.94,174.34,177.43,175.0,65.42,4151387,-0.0176
2022-12-23,172.49,172.94,174.34,174.67,64.6,2604683,-0.0081
2022-12-26,172.39,172.49,172.94,173.92,60.54,3027419,-0.0026
2022-12-27,173.68,172.39,172.49,173.17,66.59,2211672,-0.0006
2022-12-28,174.09,173.68,172.39,173.12,67.26,3712883,0.0075
2022-12-29,171.47,174.09,173.68,172.82,53.51,3528631,0.0023
2022-12-30,172.28,171.47,174.09,172.78,58.38,3071165,-0.0152
2023-01-02,173.55,172.28,171.47,173.01,53.0,2278539,0.0047
2023-01-03,174.72,173.55,172.28,173.22,52.23,4524733,0.0074
2023-01-04,176.93,174.72,173.55,173.79,60.56,1914022,0.0067
2023-01-05,178.65,176.93,174.72,175.23,61.37,4301250,0.0126
2023-01-06,179.62,178.65,176.93,176.69,59.26,1452246,0.0097
2023-01-09,179.53,179.62,178.65,177.89,55.96,519675,0.0054
2023-01-10,176.26,179.53,179.62,178.2,55.38,573997,-0.0005
2023-01-11,177.16,176.26,179.53,178.24,62.23,1467561,-0.0184
2023-01-12,177.63,177.16,176.26,178.04,64.85,2498671,0.0051
2023-01-13,178.22,177.63,177.16,177.76,66.38,986799,0.0026
2023-01-16,175.72,178.22,177.63,177.0,55.35,2738057,0.0033
2023-01-17,173.61,175.72,178.22,176.47,48.84,4964344,-0.0141
2023-01-18,175.76,173.61,175.72,176.19,60.6,2909029,-0.0121
2023-01-19,175.73,175.76,173.61,175.81,58.87,4421451,0.0123
2023-01-20,177.15,175.73,175.76,175.59,59.17,1066088,-0.0002
2023-01-23,177.25,177.15,175.73,175.9,56.83,2262999,0.008
2023-01-24,177.36,177.25,177.15,176.65,51.31,1158003,0.0006
2023-01-25,179.29,177.36,177.25,177.36,51.92,2900081,0.0006
2023-01-26,178.31,179.29,177.36,177.87,46.07,1305113,0.0108
2023-01-27,178.55,178.31,179.29,178.15,47.1,2963160,-0.0055
2023-01-30,177.68,178.55,178.31,178.24,54.92,1433396,0.0014
2023-01-31,176.86,177.68,178.55,178.14,48.93,3662801,-0.0049
2023-02-01,176.29,176.86,177.68,177.54,45.35,4534464,-0.0046
2023-02-02,176.78,176.29,176.86,177.23,44.98,2103546,-0.0032
2023-02-03,175.88,176.78,176.29,176.7,50.61,2592101,0.0028
2023-02-06,178.44,175.88,176.78,176.85,68.31,2459310,-0.0051
2023-02-07,176.7,178.44,175.88,176.82,53.66,1956081,0.0145
2023-02-08,176.37,176.7,178.44,176.83,52.45,615359,-0.0098
2023-02-09,175.54,176.37,176.7,176.59,43.58,2663859,-0.0018
2023-02-10,178.49,175.54,176.37,177.11,54.03,4945655,-0.0047
2023-02-13,178.93,178.49,175.54,177.21,55.01,4235444,0.0166
2023-02-14,181.04,178.93,178.49,178.08,55.54,4041483,0.0025
2023-02-15,178.12,181.04,178.93,178.43,49.48,3092631,0.0117
2023-02-16,178.71,178.12,181.04,179.06,50.44,2184351,-0.0163
2023-02-17,180.54,178.71,178.12,179.47,57.5,2012760,0.0033
2023-02-20,180.75,180.54,178.71,179.83,60.54,1962436,0.0102
2023-02-21,182.93,180.75,180.54,180.21,66.54,4057689,0.0012
2023-02-22,181.95,182.93,180.75,180.98,62.55,4946228,0.012
2023-02-23,184.82,181.95,182.93,182.2,69.84,3380593,-0.0054
2023-02-24,189.46,184.82,181.95,183.98,72.39,2363236,0.0156
2023-02-27,188.79,189.46,184.82,185.59,75.66,2846582,0.0248
2023-02-28,187.95,188.79,189.46,186.59,74.03,4073465,-0.0036
2023-03-01,190.9,187.95,188.79,188.38,79.31,4267255,-0.0045
2023-03-02,194.11,190.9,187.95,190.24,79.52,2099792,0.0156
2023-03-03,193.12,194.11,190.9,190.97,76.25,4974770,0.0167
2023-03-06,192.33,193.12,194.11,191.68,71.95,950930,-0.0051
2023-03-07,191.81,192.33,193.12,192.46,79.39,2902187,-0.0041
2023-03-08,189.18,191.81,192.33,192.11,70.65,3998408,-0.0027
2023-03-09,187.39,189.18,191.81,190.76,63.54,2865600,-0.0139
2023-03-10,185.43,187.39,189.18,189.23,58.65,4177361,-0.0095
2023-03-13,183.94,185.43,187.39,187.55,51.92,3538915,-0.0105
2023-03-14,183.92,183.94,185.43,185.97,53.89,591006,-0.008
2023-03-15,184.44,183.92,183.94,185.03,49.19,4651785,-0.0001
2023-03-16,187.59,184.44,183.92,185.07,45.66,4578584,0.0028
2023-03-17,185.65,187.59,184.44,185.11,43.11,4823654,0.0169
2023-03-20,187.67,185.65,187.59,185.86,49.41,1188725,-0.0104
2023-03-21,187.29,187.67,185.65,186.53,41.55,3403030,0.0108
2023-03-22,187.24,187.29,187.67,187.09,31.17,1288768,-0.002
2023-03-23,188.64,187.24,187.29,187.3,37.99,706487,-0.0003
2023-03-24,186.44,188.64,187.24,187.46,35.33,4137820,0.0074
2023-03-27,187.26,186.44,188.64,187.37,38.81,3784321,-0.0117
2023-03-28,187.64,187.26,186.44,187.44,45.76,1178841,0.0044
2023-03-29,188.68,187.64,187.26,187.73,53.71,3439302,0.002
2023-03-30,189.3,188.68,187.64,187.86,62.09,3952501,0.0055
2023-03-31,194.27,189.3,188.68,189.43,76.47,545232,0.0033
2023-04-03,193.04,194.27,189.3,190.59,72.01,2945840,0.0259
2023-04-04,192.03,193.04,194.27,191.46,67.89,1879904,-0.0063
2023-04-05,190.83,192.03,193.04,191.89,58.41,4349033,-0.0053
2023-04-06,189.77,190.83,192.03,191.99,61.23,1937188,-0.0062
2023-04-07,188.55,189.77,190.83,190.84,52.5,2156321,-0.0056
2023-04-10,190.97,188.55,189.77,190.43,59.4,1038645,-0.0065
2023-04-11,193.86,190.97,188.55,190.8,64.75,2071951,0.0128
2023-04-12,192.77,193.86,190.97,191.19,59.33,3329455,0.015
2023-04-13,191.16,192.77,193.86,191.46,60.93,3003292,-0.0056
2023-04-14,192.15,191.16,192.77,192.18,61.25,2690421,-0.0084
2023-04-17,191.1,192.15,191.16,192.21,57.71,3866823,0.0052
2023-04-18,192.41,191.1,192.15,191.92,58.23,3110469,-0.0055
2023-04-19,192.87,192.41,191.1,191.94,57.91,2667354,0.0069
2023-04-20,189.89,192.87,192.41,191.68,39.35,1597353,0.0024
2023-04-21,193.03,189.89,192.87,191.86,49.98,4885010,-0.0156
2023-04-24,196.67,193.03,189.89,192.97,59.26,1324255,0.0164
2023-04-25,195.5,196.67,193.03,193.59,59.31,3971750,0.0187
2023-04-26,194.77,195.5,196.67,193.97,60.11,4975156,-0.006
2023-04-27,195.39,194.77,195.5,195.07,64.19,3265331,-0.0037
2023-04-28,196.11,195.39,194.77,195.69,61.46,1088158,0.0032
2023-05-01,197.48,196.11,195.39,195.85,58.65,3130723,0.0037
2023-05-02,201.55,197.48,196.11,197.06,68.38,4331661,0.0069
2023-05-03,201.25,201.55,197.48,198.36,72.35,1365139,0.0204
2023-05-04,199.7,201.25,201.55,199.22,66.32,2078638,-0.0015
2023-05-05,196.99,199.7,201.25,199.39,61.9,4266484,-0.0077
2023-05-08,195.58,196.99,199.7,199.01,56.37,3401717,-0.0137
2023-05-09,195.56,195.58,196.99,197.82,55.52,2711738,-0.0072
2023-05-10,199.2,195.56,195.58,197.41,68.56,789768,-0.0001
2023-05-11,198.22,199.2,195.56,197.11,61.31,3139929,0.0184
2023-05-12,198.72,198.22,199.2,197.46,55.16,3633211,-0.005
2023-05-15,198.73,198.72,198.22,198.09,58.68,2768185,0.0025
2023-05-16,201.16,198.73,198.72,199.21,65.71,3727544,0.0001
2023-05-17,206.26,201.16,198.73,200.62,71.9,2226199,0.0121
2023-05-18,205.25,206.26,201.16,202.02,68.2,4970013,0.0251
2023-05-19,204.32,205.25,206.26,203.15,63.87,4868327,-0.0049
2023-05-22,206.46,204.32,205.25,204.69,60.8,943945,-0.0045
2023-05-23,207.87,206.46,204.32,206.03,63.9,521253,0.0104
2023-05-24,211.62,207.87,206.46,207.11,72.88,4103110,0.0068
2023-05-25,212.84,211.62,207.87,208.62,82.27,2776787,0.0178
2023-05-26,212.17,212.84,211.62,210.19,84.83,2754614,0.0057
2023-05-29,213.4,212.17,212.84,211.58,85.64,4352666,-0.0031
2023-05-30,215.67,213.4,212.17,213.14,84.8,1450162,0.0058
2023-05-31,217.36,215.67,213.4,214.28,89.29,1774634,0.0106
2023-06-01,218.42,217.36,215.67,215.4,89.53,3255063,0.0078
2023-06-02,220.6,218.42,217.36,217.09,90.37,1728807,0.0049
2023-06-05,222.99,220.6,218.42,219.01,90.36,622775,0.0099
2023-06-06,225.81,222.99,220.6,221.04,89.46,4963158,0.0108
2023-06-07,227.16,225.81,222.99,223.0,93.64,914600,0.0125
2023-06-08,226.87,227.16,225.81,224.69,96.1,2769070,0.0059
2023-06-09,227.21,226.87,227.16,226.01,95.79,4913359,-0.0013
2023-06-12,229.68,227.21,226.87,227.34,95.98,2533901,0.0015
2023-06-13,228.09,229.68,227.21,227.8,88.23,3331569,0.0108
2023-06-14,228.88,228.09,229.68,228.15,87.99,1948763,-0.0069
2023-06-15,228.14,228.88,228.09,228.4,87.71,3019507,0.0034
2023-06-16,228.25,228.14,228.88,228.61,87.02,1756715,-0.0032
2023-06-19,230.86,228.25,228.14,228.85,87.23,580257,0.0005
2023-06-20,231.29,230.86,228.25,229.49,86.39,2026534,0.0114
2023-06-21,231.43,231.29,230.86,230.0,85.7,1324143,0.0019
2023-06-22,228.76,231.43,231.29,230.12,71.81,3514938,0.0006
2023-06-23,230.31,228.76,231.43,230.53,70.47,4302986,-0.0116
2023-06-26,231.65,230.31,228.76,230.69,67.82,871616,0.0067
2023-06-27,236.02,231.65,230.31,231.63,72.84,2460155,0.0058
2023-06-28,235.46,236.02,231.65,232.44,71.8,4124064,0.0187
2023-06-29,235.95,235.46,236.02,233.88,72.0,1275158,-0.0024
2023-06-30,236.5,235.95,235.46,235.11,69.01,3210527,0.0021
2023-07-03,239.7,236.5,235.95,236.72,79.68,2268967,0.0023
2023-07-04,239.56,239.7,236.5,237.43,78.25,1416383,0.0135
2023-07-05,240.17,239.56,239.7,238.37,82.02,779215,-0.0006
2023-07-06,241.43,240.17,239.56,239.47,83.06,3343236,0.0025
2023-07-07,241.86,241.43,240.17,240.54,80.98,4237859,0.0053
2023-07-10,241.01,241.86,241.43,240.81,76.77,773349,0.0018
2023-07-11,241.45,241.01,241.86,241.18,77.14,4618893,-0.0035
2023-07-12,243.65,241.45,241.01,241.88,91.39,2460584,0.0018
2023-07-13,241.65,243.65,241.45,241.92,80.74,4233003,0.0091
2023-07-14,241.96,241.65,243.65,241.94,79.61,1916207,-0.0083
2023-07-17,240.61,241.96,241.65,241.86,65.94,1078688,0.0013
2023-07-18,243.05,240.61,241.96,242.18,73.34,4726156,-0.0056
2023-07-19,240.06,243.05,240.61,241.47,60.94,2974653,0.0101
2023-07-20,238.99,240.06,243.05,240.93,56.46,3702209,-0.0124
2023-07-21,239.79,238.99,240.06,240.5,50.27,4727995,-0.0045
2023-07-24,242.97,239.79,238.99,240.97,58.56,1032726,0.0034
2023-07-25,242.89,242.97,239.79,240.94,57.02,4452255,0.0132
2023-07-26,241.83,242.89,242.97,241.3,51.04,4317242,-0.0003
2023-07-27,245.64,241.83,242.89,242.63,58.38,739968,-0.0044
2023-07-28,242.8,245.64,241.83,243.23,53.63,788963,0.0156
2023-07-31,238.45,242.8,245.64,242.32,44.73,3092536,-0.0117
2023-08-01,239.38,238.45,242.8,241.62,42.16,3475635,-0.0181
2023-08-02,238.43,239.38,238.45,240.94,43.85,3801017,0.0039
2023-08-03,236.43,238.43,239.38,239.1,40.08,1019165,-0.004
2023-08-04,237.9,236.43,238.43,238.12,45.15,4914084,-0.0084
2023-08-07,238.44,237.9,236.43,238.12,41.15,3940866,0.0062
2023-08-08,237.36,238.44,237.9,237.71,44.42,4378363,0.0023
2023-08-09,234.85,237.36,238.44,237.0,41.92,3743484,-0.0045
2023-08-10,236.64,234.85,237.36,237.04,44.08,3524243,-0.0106
2023-08-11,237.99,236.64,234.85,237.06,39.95,1527557,0.0076
2023-08-14,237.85,237.99,236.64,236.94,39.84,2496170,0.0057
2023-08-15,241.59,237.85,237.99,237.78,49.56,4388577,-0.0006
2023-08-16,239.5,241.59,237.85,238.71,38.09,1706123,0.0156
2023-08-17,236.5,239.5,241.59,238.69,37.86,2116596,-0.0087
2023-08-18,235.16,236.5,239.5,238.12,42.84,2285559,-0.0126
2023-08-21,235.12,235.16,236.5,237.57,40.34,808449,-0.0057
2023-08-22,235.66,235.12,235.16,236.39,43.6,4347125,-0.0002
2023-08-23,235.23,235.66,235.12,235.53,46.99,1033634,0.0023
2023-08-24,235.98,235.23,235.66,235.43,45.04,4432747,-0.0018
2023-08-25,233.53,235.98,235.23,235.1,38.46,690237,0.0032
2023-08-28,236.47,233.53,235.98,235.37,48.07,1356047,-0.0104
2023-08-29,236.35,236.47,233.53,235.51,53.62,4915677,0.0125
2023-08-30,238.64,236.35,236.47,236.19,54.69,1906368,-0.0005
2023-08-31,239.37,238.64,236.35,236.87,53.34,1345474,0.0096
2023-09-01,240.34,239.37,238.64,238.23,55.81,1724744,0.0031
2023-09-04,241.52,240.34,239.37,239.24,49.83,3847769,0.004
2023-09-05,242.47,241.52,240.34,240.47,58.38,2631018,0.0049
2023-09-06,243.81,242.47,241.52,241.5,72.75,3751128,0.0039
2023-09-07,246.51,243.81,242.47,242.93,82.55,3989429,0.0055
2023-09-08,246.96,246.51,243.81,244.25,83.18,3008426,0.011
2023-09-11,248.42,246.96,246.51,245.63,84.01,3031086,0.0018
2023-09-12,248.3,248.42,246.96,246.8,85.39,794746,0.0059
2023-09-13,251.23,248.3,248.42,248.28,86.93,4852892,-0.0005
2023-09-14,249.92,251.23,248.3,248.97,92.06,2202159,0.0117
2023-09-15,253.57,249.92,251.23,250.29,92.34,4257985,-0.0052
2023-09-18,253.54,253.57,249.92,251.31,92.73,4302177,0.0145
2023-09-19,250.73,253.54,253.57,251.8,79.3,2503426,-0.0001
2023-09-20,251.04,250.73,253.54,251.76,78.86,3851463,-0.0112
2023-09-21,249.73,251.04,250.73,251.72,72.84,623950,0.0012
2023-09-22,251.46,249.73,251.04,251.3,73.53,1653224,-0.0052
2023-09-25,250.2,251.46,249.73,250.63,68.05,4732851,0.0069
2023-09-26,249.36,250.2,251.46,250.36,63.28,3150235,-0.005
2023-09-27,245.63,249.36,250.2,249.28,47.99,2240534,-0.0034
2023-09-28,244.78,245.63,249.36,248.29,45.12,4391839,-0.0151
2023-09-29,239.98,244.78,245.63,245.99,33.56,1804766,-0.0035
2023-10-02,236.86,239.98,244.78,243.32,30.06,2803554,-0.0198
2023-10-03,238.43,236.86,239.98,241.14,26.58,3898147,-0.0131
2023-10-04,240.05,238.43,236.86,240.02,32.14,4520120,0.0066
2023-10-05,240.95,240.05,238.43,239.26,24.64,3446862,0.0068
2023-10-06,239.07,240.95,240.05,239.07,22.93,3176517,0.0037
2023-10-09,239.03,239.07,240.95,239.51,25.58,4807086,-0.0078
2023-10-10,239.07,239.03,239.07,239.63,24.75,1127220,-0.0002
2023-10-11,236.8,239.07,239.03,238.98,23.79,943316,0.0002
2023-10-12,239.86,236.8,239.07,238.76,27.68,4017741,-0.0095
2023-10-13,241.66,239.86,236.8,239.28,33.91,3956653,0.0128
2023-10-16,241.27,241.66,239.86,239.73,34.49,975595,0.0075
2023-10-17,241.37,241.27,241.66,240.19,40.52,1965744,-0.0016
2023-10-18,241.84,241.37,241.27,241.2,43.35,2388806,0.0004
2023-10-19,237.81,241.84,241.37,240.79,44.91,3744424,0.0019
2023-10-20,237.36,237.81,241.84,239.93,51.35,2648091,-0.0168
2023-10-23,236.05,237.36,237.81,238.89,43.52,4461676,-0.0019
2023-10-24,234.1,236.05,237.36,237.43,34.08,2260462,-0.0056
2023-10-25,233.58,234.1,236.05,235.78,29.88,2738673,-0.0083
2023-10-26,237.23,233.58,234.1,235.66,45.42,2123154,-0.0022
2023-10-27,238.56,237.23,233.58,235.9,48.91,4558848,0.0155
2023-10-30,237.47,238.56,237.23,236.19,46.43,3980826,0.0056
2023-10-31,238.66,237.47,238.56,237.1,54.36,1309178,-0.0046
